manufacturer,Year,model,Hand,Gear,capacity_Engine,Engine_type,Prev_ownership,Curr_ownership,Area,City,Price,pic_num,Cre_date,Repub_date,Description,Color,Km,Test
מאזדה,2007,3,4,אוטומטית,1600,בנזין,פרטית,פרטית,באר שבע והסביבה,אופקים,8000.0,3,2024-06-05,2024-06-05,‏‪‪הרכב במצב טוב עבר טיפול לפני חודשיים לקחת ולנסוע לא בשבת !,אפור,189000,109
מאזדה,2008,6,3,אוטומטית,2000,בנזין,פרטית,פרטית,בית שמש והסביבה,בית שמש,16000.0,4,2024-05-16,2024-06-04,"מאזדה 6 שנת 2008 במצב מצוין מכאנית טסט עד סוף חודש 9  195,000 אלף קילומטר גמיש במחיר",שחור,195000,109
מאזדה,2007,3,4,אוטומטית,1600,בנזין,פרטית,פרטית,גדרה יבנה והסביבה,יבנה,8700.0,8,2024-04-04,2024-04-04,אחלה אוטו נוסע מצוין ידיים פרטיות צמיגים במצב טוב שווה לראות,בז' מטאלי,188000,48
מאזדה,2008,3,5,אוטומטית,1600,בנזין,פרטית,פרטית,מודיעין והסביבה,מודיעין מכבים רעות,12300.0,4,2024-03-16,2024-03-17,למכירה מאשה 3האצבק 2008 מנוע 1600.105 כוח סוס מצב מעולה מנוע חדש קומפלט עם מערכת מוביליי עם סאבופאר לא חסר בורג רכב מושקע לפרטים 0534862458,שחור,,
מאזדה,2007,3,6,אוטומטית,1600,בנזין,השכרה,פרטית,חולון - בת ים,חולון,7800.0,3,2024-03-10,2024-03-13,"רכב מתוחזק עבר טיפול גדול ,הוחלף מצבר ,צמיגיפ,פנסים,מערכת מיזוג כולל מדחס ומעבה ,טסט לחצי שנה,להניע ולסוע",זהב,305000,48
מאזדה,2008,5,2,אוטומטית,1800,בנזין,חברה,פרטית,פתח תקוה והסביבה,פתח תקווה,11000.0,5,2024-02-10,2024-02-10,רכב נוסע מצוין נמכר עקב מעבר לרכב גדול יותר מחיר לבוא לקחת,אפור מטאלי,238000,
מאזדה,2008,2,4,אוטומטית,1500,בנזין,פרטית,פרטית,בקעת אונו,יהוד מונוסון,15900.0,4,2023-12-10,2023-12-10,מאזדה 2 💥 שנת 2008💥 מנוע 1500💥 קמ 185💥 טסט 3/24💥 יד 04 💥 מאזדה 2 שמורה ומטופלת הרכב במצב מכני מצוין 💥💥💥 התחייבות מנוע גיר שילדה💥 פנים הרכב במצב חדש 💥💥💥,אפור מטאלי,185000,
מאזדה,1999,323,3,אוטומטית,1600,בנזין,פרטית,פרטית,אשדוד - אשקלון,אשקלון,7999.0,11,2023-11-14,2023-11-14,"מאזדה לאנטיס 1999 :)  * יד 3 הועבר יד במשפחה  * קילומטר 138,500 * מנוע 1600 * טסט לחודשיים  * הרכב אמין ללא תקלות עובר טיפולים בזמן  * הרכב נוסע יום יום נקי ומתופח  * הרכב עבר טיפול גדול לפני פחות משבוע * הרכב עובר טיפולים כל 7,000 קילומטר  תוספות:  * מערכת שמע בשווי 5,000 * טסות שנקנו לפני פחות מחודש  * תוסף גיר , מנוע ודלק  * מצלמת רכב * מעמד לטלפון  * חיבור למטען  * שתי חלונות מאחורה בתוספת השחרה  * צמיגיים קדמיים חדשים  * הוחלף תושבת מנוע אחת לפני פחות משבוע עם הטיפול גדול לרציניים בלבד !  נמכר בעקבות קניית רכב חדש  לפרטים נוספים חייגו : 0526206397 אמיל  ,7999₪ במזומן  תדלק וסע ✨",אפור,138500,
מאזדה,2008,3,3,אוטומטית,2000,בנזין,פרטית,פרטית,חולון - בת ים,בת ים,23000.0,8,2023-08-26,2023-08-26,🏁 שימו ❤️  🏁 מאזדה 3 למכירה  👈🏼 שנת ייצור: 2008  רכב שמור ומטופל  • יד שלישית  • רק 165.5 אלף ק״מ  • טסט 07/24  • אוטומט  • מנוע 2000  • פלאגים חדשים  • אלטרנטור חדש  • אחרי טיפול גדול מחיר 23 גמיש,לבן,165516,
מאזדה,2008,3,3,אוטומטית,1600,בנזין,פרטית,פרטית,רעננה - כפר סבא,צור יצחק,15500.0,4,2023-07-25,2023-07-25,"מזדה 3 אוט' במצב מכני מעולה!!! שמורה ביותר, נהגת יחידה. הוחלפו כל הבלמים לפני חודשיים+2 צמיגים חדשים. ריפוד וכל הפנים כמו חדש. מזגן תקין. מטופלת בזמן. לשים דלק וליסוע. בלי אף תקלות. מוכרת עקב שדרוג. טסט לעוד 10 חודשים.",בז' מטאלי,229000,
מאזדה,2004,3,2,אוטומטית,1600,בנזין,פרטית,פרטית,ירושלים והסביבה,ירושלים,10000.0,1,2023-07-11,2023-07-11,"דגם משופר של מאזדה . הרכב שמור במצב מכני מצויין. מטופל במוסך קבוע. ""לא רואה מוסך"" מלבד טיפול פעם בשנה. תא מטען גדול גלגלי מגנזיום.",אפור מטאלי,300000,
מאזדה,2008,3,3,אוטומטית,1600,בנזין,ליסינג,פרטית,תל אביב,תל אביב יפו,12500.0,5,2023-07-01,2023-07-09,"מאזדה 3 אוטומטית במצב מכני מצוין! קילומטראז נמוך, יד ראשונה מליסינג פרטי ולאחר מכן עברה מאב לבן להתקשר בבקשה החל מהשעה 11:00",כחול,146000,
מאזדה,2006,3,2,אוטומטית,1600,בנזין,השכרה,פרטית,רעננה - כפר סבא,כפר סבא,7500.0,0,2024-03-29,2024-03-29,"הרכב בבעלותי 6 חודשים לאחר שעלה לכביש. הרכב במצב מכאני מעולה. ניתן להשתמש בו כפי שהוא ללא כל השקעה נוספת. המקפידים לגבי המראה - ניתן לבצע תיקוני פחחות אך לא חייב!  הרכב מטופל, מאז נקנה, במוסך שירות מורשה מטעם היבואן - ברעננה. פרטי הטיפולים והתיקונים שביצעתי בקפדנות קיימים בידי ובמוסך. בשנה האחרונה ביצעתי החלפת 4 צמיגים חדשים,  2 בולמי זעזועים אחוריים ומצבר.",כסוף,250000,
מאזדה,2008,6,4,אוטומטית,2500,בנזין,פרטית,פרטית,רמלה - לוד,לוד,23000.0,6,2023-05-17,2023-05-17,מאזדה 6 פרימיום מנוע 2500 2008  יד 4  מספר של האוטו 9350265 218 קמ+-  הוחלף מנוע ב180 בערך מנוע מיובא אם תעודות עבר בדיקת קומפרסיה  האוטו אם טסט צריך לשלם אגרה  האוטו אם מערכת גז חדשה 2022 מיכל 45 ליטר  מערכת סאונד רצינית מאוד spl עולה בערך כמו האוטו עצמו צמיגים פירלי חתך נמוך ספורט גאנטים 17 הכל רשום ברישיון רכב  אפשר לנסוע גם גז גם דלק  ועוד הרבא תוספות על הרכב מתחייב בבדיקה גיר מנוע שילדה אפשר לעשות חוזה,סגול חציל,218000,
מאזדה,2008,3,5,אוטומטית,1600,בנזין,פרטית,פרטית,מודיעין והסביבה,שוהם,11000.0,3,2023-04-24,2023-04-24,"מאזדה 3 השנתון הכי אמין שיש,הרכב במצב מעולהביחס לזה שהוא לא חדש עבר המון טיפולים וגם לאחרונה עבר טיפול לפני הטסט, הרכב נוסע כמו חדש בהבטחה, גמיש במחיר לרציניים.",כחול כהה,237000,
מאזדה,2009,3,2,אוטומטית,1600,בנזין,ליסינג,פרטית,ראש העין והסביבה,אלעד,14800.0,3,2023-04-19,2023-04-19,"הרכב אצלי 10 שנים מטופל במוסך מגדל פתח תקווה עובר את כל הטיפולים בזמן, גלגלים חדשים מדחס למזגן חדש הכל תקין ועובד כמו חדש",ברונזה מטאלי,245000,
מאזדה,2008,5,4,אוטומטית,2000,בנזין,פרטית,פרטית,ראש העין והסביבה,אלעד,22000.0,2,2023-04-19,2023-04-19,"הרכב נוסע כמו חדש, מנוע חדש באחריות הוחלף לפני כחצי שנה, כל הקודם זוכה",כסוף,243000,
מאזדה,2006,3,2,אוטומטית,1600,בנזין,פרטית,פרטית,רמת גן - גבעתיים,בני ברק,13800.0,2,2023-03-28,2023-03-28,רכב כמו חדש. עם מגיני רוח חיישן רורס,אפור,174000,
מאזדה,1999,לאנטיס,6,אוטומטית,1600,בנזין,פרטית,פרטית,בית שמש והסביבה,בית שמש,4500.0,6,2023-03-20,2023-03-23,"מזדה לנטיס 99 במצב מצוין, רכב אמין, קילומטראז נמוך! חסכוני בדלק, האגרה שולמה נשאר להעביר טסט, הרכב במצב מכני מעולה, צריך רק להחליף צמיגים לטסט.",לבן,177000,
מאזדה,2008,2,3,אוטומטית,1500,בנזין,פרטית,פרטית,חולון - בת ים,חולון,17500.0,7,2023-02-22,2023-03-08,"למכירה מאזדה 2 הצב׳ק. מנוע 1,500 , 103 כ״ס. שנת 2008, ק״מ 228,000. יד 03. כל הידיים פרטיות. טסט ארוך עד 11/23.  נעילה חשמלית, מערכת במצב מצויין, מצלמה קדמית חדשה.  אוטו אחרי טיפול גדול מאוד: פלגים מגבים חדשים טיפול החלפת פילטר+שמן מים ירוקים וניקוי רדיאטור פילטר אוויר  תושבות מנוע עליונה ותחתונה רפידות קדמיות.  לשים דלק ולסוע.  מחירון 18,200. דורש 17,500 מחיר סופי",כסוף,228000,
מאזדה,2008,6,3,אוטומטית,2000,בנזין,פרטית,פרטית,אשדוד - אשקלון,שדה עוזיהו,13500.0,12,2023-01-24,2023-01-24,ג׳נטים מגנזיום חימום בכיסאות הגה מפנק,שחור,330,
מאזדה,2009,2,3,אוטומטית,1500,בנזין,פרטית,פרטית,בית שמש והסביבה,בית שמש,21000.0,4,2023-01-16,2023-01-16,"רכב ללא תאונות נוסע מצויין יד 3 כל הידיים פרטיות דגם דינאמיק' חיישני רוורס, שליטה מההגה, גמיש במחיר.",שחור,135500,
מאזדה,2008,3,3,אוטומטית,1600,בנזין,ליסינג,פרטית,רמת גן - גבעתיים,בני ברק,8500.0,0,2024-02-26,2024-02-26,רכב מצוין ללא שום תקלות - מבחינה חיצונית יש דפיקות בפח וקילופי צבע לא עבר תאונות,בז' מטאלי,180000,48
מאזדה,2008,6,3,אוטומטית,2000,בנזין,פרטית,פרטית,אשדוד - אשקלון,אשדוד,15000.0,1,2023-01-05,2023-01-05,"מנוע 2000 סמ״ק , 150 כ״ס דגם לקצ׳ורי",שחור,330000,
מאזדה,2009,2,3,אוטומטית,1400,בנזין,פרטית,פרטית,,טפחות,17000.0,4,2022-12-29,2022-12-29,"הרכב המבוקש, מאזדה 2, שנת 2009 מוצע למכירה! יד 3. טיפולים בזמן. מזגן עובד פיקס. עשתה כ-235000 ק״מ. טסט עד 05/23 לא מזמן בוצע טיפול גדול כולל החלפת משולשים, ברקסים, פלאגים וצמיגים חדשים. נמכרת עקב קבלת רכב נוסף.  17,000 ש״ח. מבקש הרבה מתחת למחירון.  לפרטים: רועי 050-9030208",כחול בהיר מטאלי,235000,
מאזדה,2007,6,3,אוטומטית,2000,בנזין,פרטית,פרטית,נס ציונה - רחובות,רחובות,12000.0,11,2022-12-27,2022-12-27,"Mazda 6 2007 LUXURY  יד3 פרטית‼️ 195000ק״מ טסט 7/23 מצב מכני מצויין + צמיגים חדשים,ברקסים חדשים, טיפול גדול לפני טסט,מערכת עם AUX ועוד.. הנחות לחיילים,נהגים חדשים ועולים חדשים‼️ Скидки новым репатриантам‼️",כחול מטאלי,195000,
מאזדה,2000,323,3,אוטומטית,1800,בנזין,פרטית,פרטית,רמת גן - גבעתיים,בני ברק,7000.0,4,2022-12-12,2022-12-12,שמור מאוד גמיש במחיר יש סאב ומגבר ורמקולים של פיונר עשה טיפול גדול כולל כול הרצועות ברקסים צמיגים נקי ושמור מנוע 1800 חזק מאוד,בז',130000,
מאזדה,2009,5,2,אוטומטית,2000,בנזין,ליסינג,פרטית,"ראשל""צ והסביבה",ראשון לציון,29500.0,3,2022-11-01,2022-11-06,רכב במצב מעולה ברשותי 8.5 שנים ללא תאונות מטופל במוסך מורשה  הוחלף לאחרונה  רדיאטור חדש  מעבה מזגן חדש אלטרנטור חדש לאחר טיפול,אפור עכבר,209000,
מאזדה,2007,5,3,אוטומטית,2000,בנזין,,,,פתח תיקווה,,1,2022-11-02,2022-11-02,"עצרו את החיפושים!מזדה 5 הכי שמורה ומטופלת בארץ .מפריק מכוניות פדאנט.היסטוריית טיפולים מהיום הראשון.חלקים מקוריים בלבד.שירתה אותנו שנים רבות באמינות מופלאה.ותמשיך עוד שנים רבות.קילומטרז הכי נמוך לשנתון הנ""ל. חיישני רוורס.מערכת מולטימדיה אנדרואיד.שישיה רמקולים. גיר חדש מלפני שנה.יד 02 ברישיון פרטי.רכב כיפי. נח ומפנק .גילוי נאות צריך להחליף זוג בולמים מקדימה200שח כל בולם. &lt;br/&gt;&lt;br/&gt;פירוט:&lt;br/&gt; חיישני רוורס מערכת מולטימדיה 6 רמקולים",,209,
מאזדה,2007,3,3,אוטומטית,1600,בנזין,,,תל אביב,תל אביב יפו,18400.0,1,2022-11-02,2022-11-02,יד 3 פרטית היה של אבא בת ובן אוטו משפחתי ללא תאונות &lt;br/&gt;&lt;br/&gt;פירוט:&lt;br/&gt; אמובילייזר,,115,
מאזדה,2008,2,3,אוטומטית,1500,בנזין,,,פתח תקוה והסביבה,פתח תקווה,18000.0,1,2022-10-31,2022-10-31,רכב שמור צבע כחול מערכת אנדרואיד הוחלף מנוע מיבוא לפני 3 חודשים נמכר עקב קניית רכב חדיש יד 3,,161000,
מאזדה,2007,5,1,אוטומטית,1999,בנזין,,,,שריד,19900.0,1,2022-10-31,2022-10-31,"רכב שמור ומטופח ללא תאונות. טסט עד מאי 2023. &lt;br/&gt;&lt;br/&gt;פירוט:&lt;br/&gt; סטרטר ומצבר חדשים+דיבורית מובנית+חיישני רוורס.",,200000,
מאזדה,2009,3,2,אוטומטית,1600,בנזין,,,גליל ועמקים,שפרעם,24000.0,1,2022-10-31,2022-10-31,,,234500,
מאזדה,2008,3,4,אוטומטית,1598,בנזין,,,תל אביב,תל אביב יפו,18000.0,1,2022-10-28,2022-10-28,"מאזדה 3 האצ׳בק שנת 2008 יד רביעית, היה רק בבעלויות פרטיות. קילומטראז 122,600 ק״מ טסט עד פברואר. הוספתי לרכב מערכת מולטימדיה של אנדרואיד ומצלמת רוורס. שמור במצב טוב מאוד. נמכר עקב מעבר לת״א. מחיר ע״פ מחירון יצחק לוי. &lt;br/&gt;&lt;br/&gt;פירוט:&lt;br/&gt; מערכת מולטימדיה אנדרואיד מצלמת רוורס",,122600,
מאזדה,2008,3,3,אוטומטית,1598,בנזין,,,חולון - בת ים,חולון,15000.0,1,2022-10-22,2022-10-22,מצב מיכני מעולה,,117000,
מאזדה,2002,323,3,אוטומטית,2000,בנזין,פרטית,פרטית,ראש העין והסביבה,כפר קאסם,9000.0,7,2022-10-22,2022-10-22,"תוספות 				רכב שמור מאוד עושה לו טיפול לפני הזמן שלו תמיד שנה2002 נפח מנוע 2000 יד03 ק״ל 217 טסט לעד חודש  2 פנסים חדשים ו ערפילם חדשים   הוחלף לפני יומיים 2 משולשים ו 2 מייצב אחורי  הוחלף לאוטו סוללה חדשה..משאבה מים..משאבה הגה..גלגלת גל ארכובה..רדיאטור הוחלף לפני שנה..חגורה טיימינג..מושב מנוע..חיישן אקזוז..4 סליל חדשים",כסוף,217,
מאזדה,2008,3,3,אוטומטית,1598,בנזין,,,חולון - בת ים,חולון,12000.0,1,2022-10-22,2022-10-22,מצב מיכני מעולה.,,117000,
מאזדה,2004,323 לאנטיס,5,אוטומטית,1598,בנזין,,,,עין מאהל,6000.0,1,2022-10-18,2022-10-18,"רכב אמין ומטופל בזמן מצב מכני מעולה  4 גלגלים חדשים וברקסים גם  יש לו טסט לשנה לשים דלק ולהתחיל לנסוע 4 גלגלים חדשים כולל ברקסים חדשים  כל הקודם זוכה",,360000,
מאזדה,2008,3,4,אוטומטית,2000,בנזין,פרטית,פרטית,טבריה והסביבה,טבריה,12500.0,1,2024-01-10,2024-01-10,,זהב מטאלי,,
מאזדה,2004,MX5,5,ידנית,1900,בנזין,,,,הרצלייה,,1,2022-10-02,2022-10-02,רכב שמור מתחייב גיר מנוע שילדה מנוע vvt מטופל רק מוסך מורשה טסט שנה המון תוספות גמיש מעמד מחירה &lt;br/&gt;&lt;br/&gt;פירוט:&lt;br/&gt; המון תוספות,,185000,
מאזדה,2009,5,1,אוטומטית,2000,בנזין,,,גליל ועמקים,נצרת,120000.0,1,2022-09-29,2022-09-29,"מאזדה 5 שנה 2009 הלך המנוע (אין מנוע) כמעת 200000 יד 01 גמיש",,200000,
מאזדה,2006,3,1,אוטומטית,1600,בנזין,,,"ראשל""צ והסביבה",ראשון לציון,11000.0,1,2022-09-24,2022-09-24,רכב במצב מצוין שמור מאודד,,140000,
מאזדה,2007,3,2,אוטומטית,1600,בנזין,,,גדרה יבנה והסביבה,כפר אביב,9000.0,1,2022-09-24,2022-09-24,רכב מצוין מכנית!,,,
מאזדה,2007,3,2,אוטומטית,2000,בנזין,,,חדרה וישובי עמק חפר,חדרה,16000.0,1,2022-09-24,2022-09-24,"מצב מצויין יד שניה הכול עובד ללא תאונות רכב חלק חזק מאוד מנוע 2000 סמק 150 כס &lt;br/&gt;&lt;br/&gt;פירוט:&lt;br/&gt; מצבר חדש,דיבוריתת סן רווף מטופל לפי הספר",,200000,
מאזדה,2008,6,2,טיפטרוניק,2500,בנזין,,,בית שמש והסביבה,שריגים,26000.0,1,2022-09-23,2022-09-23,"מזדה 6 פרמיום הצ'בק 2,500 במצב מעולה. ללא שום תאונה או מכה. יד ראשונה של בן שהעביר לאמא שלו. מושבי עור. מושב נהג חשמלי, חלון בגג, בקרת אקלים מפוצלת, חימום מושבים, 6 כריות אויר, בקרת שיוט, שליטה על מדיה מההגה. פנסי קסנון, חיישני אור וגשם. מכונית במצב מציאה עם תמורה מדהימה לכסף",,185400,
מאזדה,2006,3,4,אוטומטית,1600,בנזין,,,אשדוד - אשקלון,אשקלון,10000.0,1,2022-09-21,2022-09-21,מצב מצויין מתחייב על הכל,,200000,
מאזדה,2009,3,2,אוטומטית,1600,בנזין,,,טבריה והסביבה,טבריה,18000.0,1,2022-09-14,2022-09-14,"רכב נדיר יד 2 רק פרטי ק""מ מאוד נמוך לשנתון. רכב יפני אמין ביותר נוסע פצצה שווה ביותר. &lt;br/&gt;&lt;br/&gt;פירוט:&lt;br/&gt; שליטה מההגה מרים חלונות",,152000,
מאזדה,2009,2,2,אוטומטית,1468,בנזין,,,"ראשל""צ והסביבה",ראשון לציון,22000.0,1,2022-09-13,2022-09-13,"מאזדה 2 מהממת ושמורה היטב,   יש חיישני רברס.  צמיגים הוחלפו בשנה האחרונה     יד 2 במצב מצוין, הרכב עשה טיפולים כמו שעון ולפי הספר !!  נאלצים לוותר עליה עקב התרחבות המשפחה.",,,
מאזדה,2008,5,2,אוטומטית,2000,בנזין,,,ירושלים והסביבה,ירושלים,18000.0,1,2022-09-06,2022-09-06,מצב מצוין,,240,
מאזדה,2006,3,3,אוטומטית,1600,בנזין,,,אילת והערבה,אילת,,1,2022-08-31,2022-08-31,"רכב שמור,מזגן,חלונות חשמלי,מערכת מוזיקה מתחברת לנייד",,190,
מאזדה,2009,5,2,אוטומטית,2000,בנזין,,,,דיר אל-אסד,,1,2022-08-31,2022-08-31,"פרטי טסט 22/6/23",,218000,
מאזדה,2009,3,2,טיפטרוניק,1600,בנזין,,,פתח תקוה והסביבה,פתח תקווה,18500.0,1,2022-08-29,2022-08-29,"רכב אהוב, מטופל ומושקע, הרגע עבר טסט לשנה (בקלות) אמינה מאד, “סוס עבודה”, עם אחיזה טובה בכביש, ותמורה גבוהה לכסף. מהסדרה שיוצרה ביפן, קשה להיפרד (נמכר עקב מעבר לדו גלגלי)  מאזדה 3 קומפרט, מאז שנחתה כאן ב-2004 ועד לשנת 2012 ה-3 הייתה המכונית הנמכרת בישראל ובהפרש ניכר ולא סתם! כלי בעל ניחוחות ספורטיביים, חדוות הנהיגה, עיצוב לא שגרתי ויכולות דינמיות גבוהות. הרכב זכה ב90 פרסים בינלאומיים אחרי שהדגם הראשון הוצג, כולל ""הרכב החדש הטוב ביותר של השנה בקנדה"", פרס ""רד-דוט"" לעיצוב הטוב ביותר ומדליית ארד בתחרות ""מכונית השנה העולמית"". מומלץ ביותר! מי שיקח ירווח ? &lt;br/&gt;&lt;br/&gt;פירוט:&lt;br/&gt; מערכת מולטימדיה משודרגת ABS 6 כריות אויר הרכב ""דונדש"" לפני הטסט (ראו תמונה) פלגים ומתלים חדשים, מיכל מיים ושמן חדש, מתיחת הנדברקס",,198000,
מאזדה,2008,6,3,אוטומטית,2000,בנזין,,,פתח תקוה והסביבה,פתח תקווה,12500.0,1,2022-08-25,2022-08-25,הרכב אחרי החלפת פלגים וטיפול קטן,,180000,
מאזדה,2009,6,6,אוטומטית,2000,בנזין,,,רמלה - לוד,רמלה,25500.0,1,2022-08-22,2022-08-22,מאזדה שנתון 2009 אוטו מטופל שמור בפנים ומהבחוץ איכות נסיעה חלקה אוטו גדול ומרווח הכול עובד מהבפנים של האוטו,,180000,
מאזדה,2001,626,3,אוטומטית,2000,בנזין,,,,גיניגר,6000.0,1,2022-08-21,2022-08-21,"רכב שמור ומטופל מבחינה מכנית. טיפולים מסודרים ומוקפדים במוסך מזרע.  עבר החלפת מנוע לפני כשלוש שנים.",,,
מאזדה,2001,323 לאנטיס,2,אוטומטית,1600,בנזין,,,תל אביב,תל אביב יפו,7000.0,1,2022-08-19,2022-08-19,"הכל אורגנל כמו חדשה ,המכונית במצב מדהים , ריפוד נהדר +גגון  +מערכת סטריו,המכונית שמורה , מושקעת, מטופלת בזמן , נהג יחיד המכונית אמינה וטובה שתשרת עוד הרבה שנים , אין דבר כזה במודל הזה ,,,ממש בהזמנות נדירה ,,, &lt;br/&gt;&lt;br/&gt;פירוט:&lt;br/&gt; גגון , קוד הנעה ,מערכת cd רמקולים סטריו",,200000,
מאזדה,2002,323 לאנטיס,2,אוטומטית,1600,בנזין,,,,אעבלין,3000.0,1,2022-08-17,2022-08-17,,,,
מאזדה,2001,323 לאנטיס,2,אוטומטית,1600,בנזין,,,גליל ועמקים,צפת,7000.0,1,2022-08-14,2022-08-14,אוטו מדהים מושקע והרבה כסף .אין דבר כזה מראה האוטו לגילו. טסט נובמבר 2022 .האוטו ישרת עוד הרבה שנים. &lt;br/&gt;&lt;br/&gt;פירוט:&lt;br/&gt; מערכת רדיו c b גגון . קוד הנעה,,,
מאזדה,2008,5,3,אוטומטית,2000,בנזין,,,גדרה יבנה והסביבה,גדרה,28000.0,1,2022-08-13,2022-08-13,רכב מעולה נהגת יחידה,,169000,
מאזדה,2008,3,3,אוטומטית,1600,בנזין,,,חולון - בת ים,חולון,13000.0,1,2022-08-12,2022-08-12,"מאזדה שמורה !! מטופל בחברת מאזדה  גלגלי מגנזיום  מסך מולטימדיה  צמיגים חדשים  חלונות שחורים  אוטו יפה יפה , כל הקודם זוכה !",,2570000,
מאזדה,2001,323 לאנטיס,2,אוטומטית,1600,בנזין,,,חולון - בת ים,חולון,7000.0,1,2022-08-12,2022-08-12,"למרות גיל המכונית ,המכונית במצב מדהים , ריפוד נהדר +גגון  +מערכת אודיו ,המכונית שמורה , מושקעת, מטופלת בזמן , נהג יחיד המכונית אמינה וטובה שתשרת עוד הרבה שנים , אין דבר כזה במודל הזה ,,,ממש בהזמנות נדירה ,,, &lt;br/&gt;&lt;br/&gt;פירוט:&lt;br/&gt; רדיו טיפ מערכת, גגון",,200000,
מאזדה,2002,2 דמיו,5,אוטומטית,1498,בנזין,,,,מעלה עירון,7500.0,1,2022-08-10,2022-08-10,"רכב במצב מכני מצויין, מטופל טוב. &lt;br/&gt;&lt;br/&gt;פירוט:&lt;br/&gt; חיישני רוורס, רדיו עם בלוטוס ודיבורית...",,18800,
מאזדה,2007,3,2,אוטומטית,1598,בנזין,,,חולון - בת ים,אזור,10000.0,1,2022-08-06,2022-08-06,אוטו שמור ומטופל &lt;br/&gt;&lt;br/&gt;פירוט:&lt;br/&gt; איין,,152000,
מאזדה,2007,3,2,אוטומטית,1598,בנזין,,,חולון - בת ים,אזור,10000.0,1,2022-08-06,2022-08-06,אוטו שמור ומטופל וקיים טסט עד 3.23 &lt;br/&gt;&lt;br/&gt;פירוט:&lt;br/&gt; איין,,1520000,
מאזדה,2001,323 לאנטיס,3,אוטומטית,1600,בנזין,,,מודיעין והסביבה,מודיעין עילית,6000.0,1,2022-08-01,2022-08-01,"מצב מכני מצוין נוסע חלק בלי שום בעיות, מצב חיצוני שמור מאוד, 4 צמיגים חדשים, מצבר חדש, עבר השבוע טסט בקלות, אוטו נקי ושמור מאוד, טסט לעוד 8 חודשים.",,230000,
מאזדה,2003,323 לאנטיס,4,אוטומטית,2000,בנזין,,,,רהט,10000.0,1,2022-07-28,2022-07-28,"על הרכב רכב שמור מאוד כולל סאנרוף נפח 2000 עם 13500כ?ס הכל עובד פיקס טסט עד 5.01.2023 הרכב עבר טיפול גדול כולל משולשים תפוחים ועוד לרכב לא חסר בורג נוסע פיקס  למחיר",,13500,
מאזדה,2008,3,5,אוטומטית,1600,בנזין,,,נס ציונה - רחובות,מזכרת בתיה,11000.0,1,2022-07-28,2022-07-28,"רכב במצב מצוין לאחר טיפול מזגן תקין",,255000,
מאזדה,2009,5,3,אוטומטית,2000,בנזין,,,חולון - בת ים,בת ים,21000.0,1,2022-07-25,2022-07-25,נסיעה שקטה גיר תקין לחלוטין מנוע שקט מזגן עובד פצצה ומקפיא את הרכב פנים הרכב במצב מאוד טוב ביחס לשנתון של הרכב,,190000,
מאזדה,2008,6,8,טיפטרוניק,2000,גז,השכרה,פרטית,באר שבע והסביבה,נתיבות,23000.0,5,2022-07-24,2022-07-24,רכב מעולה אחרי טיפול עשרת אלפים וטיפול גדול באלפי שקלים!!,בורדו,230000,
מאזדה,2006,3,3,אוטומטית,1600,בנזין,פרטית,פרטית,ירושלים והסביבה,ירושלים,12500.0,3,2022-07-11,2022-07-24,"מאזדה 3 שמורה ומטופלת  עם מערכת מולטימדיה, חיישני רוורס, מצלמה דרך (קדמית ואחורית),  גלגלי מגניזוים טסט לשנה!, מצב מכני מעולה (גמיש לרציניים).",בז',220,
מאזדה,2008,3,4,אוטומטית,1600,בנזין,,,באר שבע והסביבה,באר שבע,8500.0,1,2022-07-23,2022-07-23,"רכב במצב מעולה! שמור ומטופל בזמן! יש טסט לשנה. רכב שני במשפחה. מזגן מקפיא! ק""מ נמוך יחסית לשנה. נדרש קצת פחחות וצבע &lt;br/&gt;&lt;br/&gt;פירוט:&lt;br/&gt; מערכת מולטימדיה",,189000,
מאזדה,2008,3,4,אוטומטית,1600,בנזין,,,עמק יזרעאל,מגדל העמק,13000.0,1,2022-07-23,2022-07-23,"טסט כמעט שנה עד 05/23 מצב מכני מעולה !  מערכת מוחטימדיה אנדרואיד+מצלמה וחיישני רוורס  צמיגים וגנטים חדשים .",,226000,
מאזדה,2008,3,5,אוטומטית,1600,בנזין,,,פתח תקוה והסביבה,פתח תקווה,14000.0,1,2022-07-22,2022-07-22,שמורה ומטופלת במצב מצויין &lt;br/&gt;&lt;br/&gt;פירוט:&lt;br/&gt; מולטימדייה + ג'נטים + מצלמת רוורס וחיישנים,,152000,
מאזדה,2003,323 לאנטיס,3,אוטומטית,1600,בנזין,,,גדרה יבנה והסביבה,יבנה,9000.0,1,2022-07-20,2022-07-20,"רכב מושקע ביותר.. כסויי עור,חלונות כהים,חשוקי מגנזיום חלון בגג נעילה מרכזית (גם של הגג) מערכת מולטימדיה הרכב אחרי טיפול מושקע",,190000,
מאזדה,2003,6,3,אוטומטית,2000,בנזין,,,נתניה והסביבה,נתניה,10000.0,1,2022-07-19,2022-07-19,"בס'ד מאזדה 6 שנת 2003 יד שלישית 232000קילומטר טסט ל10 חודשים    פרטים: מאזדה 6 במצב שמור ומטופל, 148 כוחות סוס, גלגלי מגנזיום, נהג פרטי טסט לעשר חודשיים, מותקן ברכב מערכת גז של חברת 'LOVATO' בשווי 7000ש""ח רשום ברשיון עם אישור להיכנס לחניון! אחד ליטר גז עולה 3.15ש""ח חסכון גדול של 50% בכל תדלוק, תוספת ריפודים מעור, לרצינים לא בשבת &lt;br/&gt;&lt;br/&gt;פירוט:&lt;br/&gt; בס'ד מאזדה 6 שנת 2003 יד שלישית 232000קילומטר טסט ל10 חודשים    פרטים: מאזדה 6 במצב שמור ומטופל, 148 כוחות סוס, גלגלי מגנזיום, נהג פרטי טסט לעשר חודשיים, מותקן ברכב מערכת גז של חברת 'LOVATO' בשווי 7000ש""ח רשום ברשיון עם אישור להיכנס לחניון! אחד ליטר גז עולה 3.15ש""ח חסכון גדול של 50% בכל תדלוק, תוספת ריפודים מעור, לרצינים לא בשבת",,232000,
מאזדה,2005,3,2,אוטומטית,1598,בנזין,,,קיסריה והסביבה,קיסריה,9050.0,1,2022-07-13,2022-07-13,רכב שמור פיסית ומכנית.,,213,
מאזדה,2008,3,2,אוטומטית,1600,בנזין,,,ירושלים והסביבה,ירושלים,11000.0,1,2022-07-12,2022-07-12,,,270000,
מאזדה,2009,3,3,אוטומטית,1600,בנזין,פרטית,פרטית,נתניה והסביבה,נתניה,16000.0,7,2022-07-07,2022-07-06,"נוסע כמו חדש, מזגן עובד פיקס, הוחלף תושבות מנוע, ובלומים, רפידות, וצלחות, הכל תקיןגיר מנוע שילדה חלק.",כחול,200000,
מאזדה,2006,3,2,אוטומטית,1598,בנזין,,,"ראשל""צ והסביבה",ראשון לציון,15000.0,1,2022-07-04,2022-07-04,"מצב טוב, מטופל כל השנים המוסכים מורשים, נהגו בפועל רק שני נהגים &lt;br/&gt;&lt;br/&gt;פירוט:&lt;br/&gt; גנטים",,199994,
מאזדה,2000,323 לאנטיס,1,אוטומטית,1600,בנזין,,,חדרה וישובי עמק חפר,חדרה,6500.0,1,2022-06-30,2022-06-30,שמור,,300000,
מאזדה,2005,3,4,אוטומטית,1600,בנזין,,,ירושלים והסביבה,ירושלים,16000.0,1,2022-06-27,2022-06-27,הרכב הכי יפה יוצא למכירה מאזדה 3 שנת 2005...נראה כמו 2015... צבע שחור מט ברמה הכי גבוהה 150 אלף קילומטר בלבד!! מערכת אנדרואיד עם וויז יוטיוב.... הושקע ברכב בלי סוף כסף לא נחסך כלום! טסט לחמש חודש. 4 צמיגים חדשים ועוד הרבה חלקים חדשים שהחלפתי נסיעה חלקה ונוחה. גמיש בקטנה לרציניים בלבד. נמצא באיזור ירושלים או מודיעין.אפשר לבוא לעשות סיבוב. לא בשבת!!! תודה רבה. למי שמגי מחר 15.500 מחיר אחרון,,150000,
מאזדה,2008,5,5,אוטומטית,2000,בנזין,,,מודיעין והסביבה,מודיעין,,1,2022-06-23,2022-06-23,"מאזדה 5 שמורה ומטופלת בזמן לרצינים בלבד ,שומר שבת &lt;br/&gt;&lt;br/&gt;פירוט:&lt;br/&gt; וו גרירה ברשיון",,247000,
מאזדה,2006,3,4,אוטומטית,1600,בנזין,,,,טירה,7000.0,1,2022-06-22,2022-06-22,רכב במצב נסיעה לרצינים בלבד,,200000,
מאזדה,2008,6,7,אוטומטית,2000,בנזין,,,כרמיאל והסביבה,כרמיאל,13400.0,1,2022-06-13,2022-06-13,רכב מפנק נוח ושמור מטופל בזמן טסט עד 2023 מגנזיום קצת צבע מהשמש לא רציני לכתוב בווטאספ גמיש מעט לרציניים,,212000,
מאזדה,2001,323,3,אוטומטית,1800,בנזין,פרטית,פרטית,ראש העין והסביבה,ראש העין,6500.0,6,2022-06-12,2022-06-12,קילומטר נמוך 140 יש וו גרירה וגגון יש טסט מוכן לעבודה גמיש לרצינים,טורקיז,140000,
מאזדה,2009,2,3,אוטומטית,1498,בנזין,,,מודיעין והסביבה,מודיעין מכבים רעות,25000.0,1,2022-06-08,2022-06-08,מאזדה 2 דינמיק במצב מצויין,,179020,
מאזדה,2002,323 לאנטיס,5,אוטומטית,1991,בנזין,,,תל אביב,תל אביב יפו,7000.0,1,2022-05-30,2022-05-30,"עברה שלוש ידיים בתוך המשפחה (הייתה שייכת לאבי ולאחי),  מטופלת כבר שנים באותו מוסך (קבלות של היסטוריית הטיפולים שמורות אצלי) &lt;br/&gt;&lt;br/&gt;פירוט:&lt;br/&gt; 131 כ""ס, הנעה 4X2, מזגן, מערכת ABS, חלונות חשמליים, חלון בגג, הגה כוח, 4 כריות אויר",,261300,
מאזדה,2008,6,2,אוטומטית,1999,בנזין,,,חולון - בת ים,חולון,20000.0,1,2022-05-28,2022-05-28,רכב שמור ומטופל------מצב מעולה,,130415,
מאזדה,2009,5,2,אוטומטית,2000,בנזין,,,אשדוד - אשקלון,עוצם,22000.0,1,2022-05-28,2022-05-28,מאזדה 5 7מקומות מנוע חדש מסך DVD מצלמת רוורס,,,
מאזדה,2007,3,3,אוטומטית,1600,בנזין,,,באר שבע והסביבה,אופקים,10000.0,1,2022-05-14,2022-05-14,עם טסט 30/10 מגנזיום מטופל בזמן,,300000,
מאזדה,2008,6,3,אוטומטית,2000,בנזין,,,"ראשל""צ והסביבה",ראשון לציון,24900.0,1,2022-05-12,2022-05-12,"רכב יוקרתי ויפה  • צמיגים חדשים • מערכת מולטימדיה  • מצלמת רוורס • גאנטים • טסט  • פנסים חדשים",,199000,
מאזדה,2008,3,10,אוטומטית,1600,בנזין,,,חיפה וחוף הכרמל,טירת כרמל,9000.0,1,2022-05-09,2022-05-09,הכל עובד הוחלף מנוע ומדחס מזגן,,230,
מאזדה,2008,3,3,אוטומטית,1598,בנזין,,,רמת השרון - הרצליה,רמת השרון,11000.0,1,2022-04-29,2022-04-29,"רק 174,000 ק""מ. בבעלות משפחתית בלבד. טופלה כל שנה באופן מיטבי במוסך מורשה. אין תאונות.  צמיגים קדמיים הוחלפו ביוני 2020. יש קודן, נעילה מרכזית, מזגן, רדיו, חיישן אחורי ורשיון (טסט) עד יולי השנה. מכות קלות בפח (ראה תמונות), תקלה בחלון חשמל אחורי ונורית חיווי דלוקה באופן קבוע, אך ללא השפעה כלשהי. מחיר סופי מתחת למחירון הכולל את הבעיות.",,174000,
מאזדה,2008,6,6,אוטומטית,2000,בנזין,,,"ראשל""צ והסביבה",ראשון לציון,13900.0,1,2022-04-25,2022-04-25,"לבוא לקחת. רכב מהממם. התחייבות לקנייה חוזרת עד 5 שנים. שקיפות מלאה!!! מגוון אפשרויות מימון עד 100% כולל תשלום בצקים. נמצא בסוכנות ""גרינקאר"" בראשל""צ, רח' הרצל 28. הנחות ומחירים מיוחדים יינתנו בסניף, יחס אישי לכל לקוח שקיפות מלאה!!! מבחר ענק של רכבים נוספים ניתן לראות באתר של גרינקאר. לצאת עם רכב חדש באותו היום.",,,
מאזדה,2005,MPV,1,אוטומטית,,בנזין,,,רעננה - כפר סבא,רעננה,3000.0,1,2022-04-20,2022-04-20,צריך בטריה חדשה. הוא כן נוסע.,,,
מאזדה,2005,3,4,אוטומטית,1600,בנזין,פרטית,פרטית,רמת השרון - הרצליה,רמת השרון,7500.0,2,2022-04-09,2022-04-10,לאחר טיפול גדול  4 ברקסים חדשים טסט לשנה  מערכת מולטימדיה,אפור,290000,
מאזדה,2009,3,4,אוטומטית,1400,בנזין,השכרה,פרטית,חולון - בת ים,בת ים,5500.0,3,2022-03-09,2022-03-09,מצב מצוין,אפור עכבר,260000,
מאזדה,2007,5,3,אוטומטית,2000,בנזין,פרטית,פרטית,רעננה - כפר סבא,כפר סבא,25000.0,4,2022-02-13,2022-02-13,"רכב שמור מאוד מטופל במוסך מורשה טסט לשמונה חודשים גיר חדש עם אחריות לשנה נסע רק 179000 ק""מ שמור מאוד מחוץ ומבפנים מחיר:25.000 גמיש טיפה לרצינים מוכר עקב העבר לרכב יותר קטן.",טורקיז,179000,
מאזדה,2001,לאנטיס,2,אוטומטית,1800,בנזין,פרטית,פרטית,בקעת אונו,אור יהודה,5500.0,4,2022-02-06,2022-02-11,"במצב מכני טוב, טסט לשנה 02/22, השתמשנו לנסיעות קצרות , כל הקודם זוכה",כחול כהה,175000,
מאזדה,2009,3,3,אוטומטית,1600,בנזין,פרטית,פרטית,,ירכא,9000.0,0,2023-12-15,2023-12-15,רכב במצב חדש שמור טסט עד 06/2024,לבן,260000,
מאזדה,2008,6,2,אוטומטית,2000,בנזין,פרטית,פרטית,גליל ועמקים,נצרת עילית,29500.0,7,2021-12-31,2021-12-31,"דגם לקצ'ורי מפואר. שנת 2008 צבע כסוף מטאלי נפח מנוע 2000 עם 147 כ""ס ק""מ 111,000 יד 02 פרטית פרטית טסט עד 03/2022 חימום במושבים הקדמיים, 4 צמיגים חדשים, מסך מולטימדיה, חיישני רוורס + מצלמת רוורס איכותית עם תאורת לד, גאנטים מידה 17 מאושרים ברישיון. הרכב במצב מכני סופר מעולה ! שמור ומטופל בקפידה, נקי מתאונות, ללא מכות פח או צבע.",כסוף מטאלי,111000,
מאזדה,2000,לאנטיס,3,אוטומטית,1600,בנזין,פרטית,פרטית,רמת גן - גבעתיים,בני ברק,4000.0,4,2021-12-13,2021-12-13,רכב במצב טוב נוסע חלק לכל הארץ מזגן מצוין גמיש ליד הרכב לא בשבת,כסוף,180000,
מאזדה,2005,MPV,2,אוטומטית,3000,בנזין,פרטית,פרטית,רמת גן - גבעתיים,בני ברק,3500.0,3,2021-11-20,2021-11-24,"רכב 7 מקומות מכיל הרבה, ישנה תקלה קטנה (נזילת שמן)",אפור,250,
מאזדה,2004,3,3,אוטומטית,1600,בנזין,פרטית,פרטית,אשדוד - אשקלון,גן יבנה,9400.0,4,2021-11-24,2021-11-24,"אוטו במצב חדש נוסע חלק וטוב , דגם קומפורט עם מגנזיום ושליטה מההגה יש טסט עוד חודש ויש חלודה מצד ימין של הדלת , ק""מ מאוד נמוך יחסית לשנה שלו 156k . גמיש קצת מאזור אשדוד",בז',156000,
מאזדה,1995,323,1,אוטומטית,1800,בנזין,פרטית,פרטית,קריות,קרית אתא,5000.0,0,2023-11-29,2023-11-29,מאזדה לאנטיס למבינים במצב טוב תקין מנוע 1800 לקראת אספנות,אפור עכבר,30000,
מאזדה,2008,3,2,אוטומטית,1600,בנזין,פרטית,פרטית,ירושלים והסביבה,ירושלים,12999.0,5,2021-09-29,2021-09-29,"רכב פצצה ושמור מאוד   גלגלי מגנזיום - צמיגים חדשים  בתוספת וו גרירה + מסך מולטימדיה שני מפתחות ושלטים התחייבות לפני קנייה על מנוע גיר ושילדה   לא בשבת",אפור עכבר,260,
מאזדה,2009,3,4,אוטומטית,2000,בנזין,פרטית,פרטית,פתח תקוה והסביבה,פתח תקווה,25500.0,1,2023-06-18,2023-06-18,"*מזדה 3 ספיירט* מנוע - 2000 כוח סוס - 150 שנה - 2009 קילומטרז - 172 אלף  יד - 4 ברישיון  *כל החשמל עובד*  חלונות  סאנרוף מראות אורות  *שליטה מההגה*  *מסך מולטימדיה גדול* עם אפשרות  לסים בלוטוס אוקס ווי פיי  אוטו שמור מאוד מבפנים ומבחוץ הכל מקורי  צמיגים חדשים  טיפול  טסט לעוד שנה  חלונות מושחרים מאחורה  לרציניים צרו קשר בפרטי  דורש 25,500",אפור מטאלי,172,
מאזדה,2008,3,5,אוטומטית,1600,בנזין,השכרה,השכרה,גליל ועמקים,נצרת,6000.0,1,2023-05-25,2023-05-25,חסר טסט וכמה דברים להכנה לטסט גמיש במחיר,כסוף,218,
מאזדה,2007,3,2,אוטומטית,1600,בנזין,פרטית,פרטית,נתניה והסביבה,נתניה,13000.0,0,2021-10-31,2023-05-23,רכב במצב מצויןן ושמור גמיש במחיר לרציניים בלבד,זהב,200000,
מאזדה,2006,5,3,אוטומטית,2000,בנזין,ליסינג,השכרה,,"כפר חב""ד",16500.0,0,2023-05-14,2023-05-14,"רכב מושלם שמור מאוד הכל תקין ועובד מצויין  ק""מ נמוך מאוד לגילו",כסוף,155000,
מאזדה,2004,3,1,אוטומטית,2000,בנזין,,,ירושלים והסביבה,ירושלים,17500.0,0,2022-10-25,2022-10-25,מצב מצוין הכנס דלק וסע,,136000,
מאזדה,2004,3,1,אוטומטית,2000,דיזל,,,,ירושליםו,18000.0,0,2022-10-20,2022-10-20,מצב מצוין יד ראשונה 136000קמ טסט ינואר 2023,,136000,
מאזדה,2009,5,2,אוטומטית,1999,בנזין,,,,טייבה,35000.0,0,2022-10-14,2022-10-14,רכב מאזדה 5 משפחתי 7 מקומות טסט ל 8 חודשים יד שניה יד ראשונה חברה השכרה Avis,,210158,
מאזדה,2004,3,1,אוטומטית,2000,בנזין,,,ירושלים והסביבה,ירושלים,20000.0,0,2022-10-12,2022-10-12,מצב מצויין,,135000,
מאזדה,2007,3,5,אוטומטית,16000,בנזין,,,באר שבע והסביבה,באר שבע,8000.0,0,2022-10-11,2022-10-11,רכב מוטבל בזמן טסט שנה,,285000,
מאזדה,2008,6,3,אוטומטית,2000,בנזין,,,מושבים בשפלה,כפר מנחם,20000.0,0,2022-10-04,2022-10-04,הרכב במצב חדש נוח לנסיעה מפנק ושמור בצורה הכי גבוהה שיש,,220000,
מאזדה,2004,121,2,ידנית,2500,טורבו דיזל,,,באר שבע והסביבה,דימונה,5000.0,0,2022-09-24,2022-09-24,,,,
מאזדה,2007,3,6,אוטומטית,1600,בנזין,,,נתניה והסביבה,נתניה,13500.0,0,2022-09-22,2022-09-22,"Mazda3 2007 מצב מצוין  הגה של ספיריט?? ג׳אנטים של ספיריט?? מסך מולטימדיה?? פחחות וצבע חדש?? השחרות מאחורה?? חלונות אוטומטיים?? מצלמת רוורס?? ק״מ 248,000  מנוע חדש עם 84,000 ק״מ הכל מהכל עובד נוסע חלק בלי תקלות???? &lt;br/&gt;&lt;br/&gt;פירוט:&lt;br/&gt; מסך מולטימדיה ג׳אנטים של ספיריט  הגה של ספיריט השחרות רק מאחורה ובחלנות האחוריים שקע usb",,250000,
מאזדה,2006,3,3,אוטומטית,1600,בנזין,,,,כפר ברא,6000.0,0,2022-09-13,2022-09-13,רכב במצב מצויין טסט לשנה הרכבתי מנוע יבוא לפני שנה הרכב במצב מעולה &lt;br/&gt;&lt;br/&gt;פירוט:&lt;br/&gt; נעילה מרכזית ריפוד עור,,,
מאזדה,2008,6,2,אוטומטית,2,בנזין,,,פתח תקוה והסביבה,פתח תקווה,20000.0,0,2022-09-11,2022-09-11,"אוטו אחרי טיפול גדול צמיגים חדשים הכל למטה חדש האוטו נוסע כמו רכב 2022 , אוטו שמור מאוד בנאדם מבוגר נוסע על הרכב לא מעשן , מנוע מיבוא חדש ברכב , מתחייב בבדיקה מנוע גיר שלדה",,,
מאזדה,2008,5,4,אוטומטית,2000,בנזין,,,,יקנעם עילית,23000.0,0,2022-09-08,2022-09-08,"רכב שמור ומטופל ללא תאונות קיים מובילאי מחירון 33000 דורש 23000  כל הקודם זוכה תמונות ישלחו לפי דרישה לא בשבת",,217000,
מאזדה,2008,2,2,אוטומטית,1500,בנזין,,,,מעלות,18500.0,0,2022-09-07,2022-09-07,"מזדה 2  מטופלת ,שמורה, עד לפני שנה טופלה במוסך מזדה.",,176600,
מאזדה,2009,3,3,אוטומטית,1590,בנזין,,,חיפה וחוף הכרמל,חיפה,17500.0,0,2022-09-02,2022-09-02,"רכב בצב מצויין ללא תאונות בחודש מרץ הרכב עבר צבע כללי וטסט הרכב מאוד שמור אחרי טיפול  רישום מקורי השכרה יד שנייה היה של חמי הרכב אצלי מעל 7 שנים",,140000,
מאזדה,2006,3,4,אוטומטית,1600,בנזין,,,רמת גן - גבעתיים,בני ברק,4000.0,0,2022-08-27,2022-08-27,"כנראה הלך מנוע, לא מעונינת להשקיע עליו, מתאים לבעלי מוסך או אנשים שמתעסקים עם רכבים. הרכב נמצא כרגע באזור טבריה,",,140000,
מאזדה,2003,דמיו,2,אוטומטית,1500,בנזין,,,גדרה יבנה והסביבה,יד בנימין,5500.0,0,2022-08-26,2022-08-26,,,342000,
מאזדה,2006,5,2,אוטומטית,1999,בנזין,,,ירושלים והסביבה,ירושלים,18000.0,0,2022-08-20,2022-08-20,"רכב שמור מאד נוסע חלק נסע מעט ק""מ",,190000,
מאזדה,2009,3,3,אוטומטית,1600,בנזין,,,מודיעין והסביבה,מודיעין מכבים רעות,19000.0,0,2022-08-18,2022-08-18,,,212000,
מאזדה,2009,3,3,אוטומטית,105,בנזין,,,פתח תקוה והסביבה,פתח תקווה,25000.0,0,2022-08-12,2022-08-12,"מאזדה 3  יד 03  220000 קילומטר  מודל 2010 רכב שמור מאוד משודרג ומטופל בזמן!!! מחיר אחרון 25000 שח &lt;br/&gt;&lt;br/&gt;פירוט:&lt;br/&gt; מערכת מולטימדיה משודרגת",,220000,
מאזדה,2008,3,4,אוטומטית,1600,בנזין,,,ירושלים והסביבה,ירושלים,9000.0,0,2022-08-11,2022-08-11,,,315000,
מאזדה,2003,6,4,אוטומטית,2000,בנזין,פרטית,פרטית,נתניה והסביבה,נתניה,7500.0,1,2022-02-25,2022-02-25,מזדה 6 שנת 2003 קלמטרז 240 ✋ 4 טסט 8/7/2022,אפור,240,
מאזדה,2008,5,2,אוטומטית,2000,בנזין,,,גליל ועמקים,קרית שמונה,25000.0,0,2022-08-09,2022-08-09,"רכב משפחתי 7 מקומות מטופלת טסט לשנה . צמיגים חדשים ,מצבר חדש .אפשר להתגמש על המחיר .לא בשבת 0524833248 &lt;br/&gt;&lt;br/&gt;פירוט:&lt;br/&gt; מערכת גז נוספת .",,232000,
מאזדה,2009,3,2,אוטומטית,1600,בנזין,,,חולון - בת ים,בת ים,16000.0,0,2022-08-06,2022-08-06,"מאזדה 3 שנת 2009 שמורה ומטופלת  הרכב אצלי 13 שנה  תמונות בפרטי",,190000,
מאזדה,2007,3,2,אוטומטית,1600,בנזין,,,חולון - בת ים,חולון,10000.0,0,2022-08-04,2022-08-04,,,223000,
מאזדה,2007,MPV,3,אוטומטית,2967,בנזין,,,רמת גן - גבעתיים,בני ברק,20000.0,0,2022-08-03,2022-08-03,"הרכב שמור מאד, גדול, נח, נוסע חלק.",,180000,
מאזדה,2003,323 לאנטיס,4,אוטומטית,1600,בנזין,,,ירושלים והסביבה,אדרת,3500.0,0,2022-08-02,2022-08-02,רכב שמור מטופל בזמן &lt;br/&gt;&lt;br/&gt;פירוט:&lt;br/&gt; הכול לדש רכב לשנתו,,200,
מאזדה,2006,6,7,אוטומטית,2000,בנזין,,,ראש העין והסביבה,אלעד,12000.0,0,2022-07-30,2022-07-30,"רכב פצצה !!! מזגן מדהים !!! גמיש במחיר לרציינים בלבד.",,182000,
מאזדה,2003,323 לאנטיס,3,אוטומטית,1600,בנזין,,,ירושלים והסביבה,ביתר עילית,6500.0,0,2022-07-21,2022-07-21,"מנוע מצוין..יש להחליף ברקסים..לא נסע הרבה ק""מ..נראה אחלה!",,190000,
מאזדה,2008,6,8,אוטומטית,2000,בנזין,,,באר שבע והסביבה,נתיבות,25000.0,0,2022-07-12,2022-07-12,רכב במצב מעולה. אחרי טיפול עשרת אלפים וטיפול גדול באלפי שקלים. מטופל רק במוסך מורשה. רכב מפנק ומרווח מאד באגז' ענק. נסיעה חלקה. נמכר עקב שידרוג. טסט עד 3.23 &lt;br/&gt;&lt;br/&gt;פירוט:&lt;br/&gt; הרכב עם מערכת גז חדשה חסכונית מאד עם אחריות לשנתיים. מערכת שיוט. חימום בכיסאות. ועוד הרבה תוספות.,,230000,
מאזדה,2008,3,2,אוטומטית,1600,בנזין,,,רמת גן - גבעתיים,בני ברק,14000.0,0,2022-06-22,2022-06-22,מאזדה יד 02 ברשיון שמורה מאוד הכל עובד גמיש קצת במחיר &lt;br/&gt;&lt;br/&gt;פירוט:&lt;br/&gt; מולטימדיה מזגן מקפיא מצבר חדש עם אחריות היצה אצל מבוגר עבר במשפחה,,176,
מאזדה,2007,3,2,אוטומטית,1600,בנזין,,,רעננה - כפר סבא,רעננה,13000.0,0,2022-06-05,2022-06-05,&lt;br/&gt;&lt;br/&gt;פירוט:&lt;br/&gt; טסט לשנה,,195000,
מאזדה,2004,6,3,אוטומטית,1999,בנזין,,,עמק יזרעאל,מגדל העמק,5500.0,0,2022-06-03,2022-06-03,טסט לעוד חודש לחן הורדתי תמחיר רכב ללא תאונות,,230000,
מאזדה,2004,6,3,אוטומטית,1999,בנזין,,,עמק יזרעאל,מגדל העמק,7000.0,0,2022-06-02,2022-06-02,רכב עולה מטופל מכנית ללא תאונות לרציניים בלבד מזגן מקפיא,,23000,
מאזדה,2008,3,6,אוטומטית,1598,בנזין,,,עכו - נהריה,נהריה,16000.0,0,2022-06-02,2022-06-02,רכב שמור במצב מצויין טסט עד 7/2023,,230000,
מאזדה,2009,3,3,אוטומטית,1598,בנזין,,,חולון - בת ים,חולון,19000.0,0,2022-05-29,2022-05-29,"רכב מאזדה 3 במצב מיכני מעולה, מטופל הכי טוב שאפשר. 0 תקלות. קילופחי פח וצבע ומספר מכות ושיפשופים קלים. כל טיפול מתועד במוסך",,147000,
מאזדה,2007,3,2,אוטומטית,1600,בנזין,,,גליל ועמקים,בית שאן,12000.0,0,2022-05-26,2022-05-26,,,170000,
מאזדה,2008,3,6,אוטומטית,1598,בנזין,,,עכו - נהריה,נהריה,16000.0,0,2022-05-23,2022-05-23,רכב שמור במצב מצויין,,230000,
מאזדה,2009,3,4,אוטומטית,1600,בנזין,,,,גבעתי,20000.0,0,2022-05-11,2022-05-11,"מאזדה 3 שנת 2009 רכב מתוקתק מכני חדש חיצוני נקי ללא מכות בפח טסט ארוך עד חודש 11\22 אחרי טיפול מיכל רדיאטור חדש תוספות חלונות שחורים מאחורה ניקלים בידיות יש לרכב וו גרירה מאושר ברישיון כל הקודם זוכה 157 אלף קילומטר  הרכב יד 4 היה ליסיניג בעבר לרצניים בלבד",,157000,
מאזדה,2009,5,2,אוטומטית,2000,בנזין,,,אשדוד - אשקלון,עוצם,25000.0,0,2022-04-29,2022-04-29,רכב מצב טוב מנוע חדש,,200,
מאזדה,2008,6,7,אוטומטית,2000,בנזין,,,חולון - בת ים,חולון,18000.0,0,2022-04-25,2022-04-25,עבר טיפול גדול עבר שיפוץ גיר 4 גלגלים חדשים טסט ל10 חודשים &lt;br/&gt;&lt;br/&gt;פירוט:&lt;br/&gt; גלגלי מגנזיום,,188009,
מאזדה,2009,3,3,אוטומטית,2000,בנזין,פרטית,פרטית,בקעת אונו,אור יהודה,27000.0,0,2022-04-13,2022-04-13,רכב שמור טיפולים בזמן.סאנרוף נסגר עם הנעילה אוטומט..שליטה מלאה מההגה.מערכת מולטימדיה מסכים אחוריים..,שחור,189000,
מאזדה,2006,5,4,אוטומטית,2000,בנזין,פרטית,פרטית,רמת גן - גבעתיים,בני ברק,4000.0,0,2021-10-26,2021-10-25,רכב טוב יש לו בעיה שהמנוע נכבה ברמזורים וכדומה,כחול,200000,
מאזדה,2006,5,4,אוטומטית,2000,בנזין,פרטית,פרטית,רמת גן - גבעתיים,בני ברק,5000.0,0,2021-10-18,2021-10-18,הרכב טעון שיפוץ מנוע\גיר עקב שנכבה ברמזורים וכדומה,כחול,200000,
מאזדה,2009,3,3,אוטומטית,1600,בנזין,פרטית,פרטית,רעננה - כפר סבא,כפר סבא,19500.0,0,2021-09-29,2021-09-29,,כסוף,130000,
